lack.job.control,alcohol.consumption,work.distress,drink.to.cope,drink.problems,work.pressure,age,age:distress
50.422842252059056,2,107.17406647575214,8.39528365251241,13.230312278333678,0.6192048546158023,-0.3745589333012002,0.6263907018048265
47.42778348248993,5,70.39070247321263,10.492772552322364,12.790244497386837,0.14238352599463855,0.8956637279801237,0.9754218143385915
45.9874632825271,6,115.12607033344152,12.731497825373475,8.934099731064721,-0.43261837077587956,0.44502414914244276,-0.5274340770419438
47.185619243178124,0,84.6584666708362,12.0146821383859,9.952941533012794,-0.44438951262042825,0.47312179150173594,0.21714200314799176
46.96753147433027,10,153.43900759575257,11.717210757719618,10.846827799226752,1.5935613598858918,-0.9828740424855703,0.1930205648172244
55.652609362558586,12,88.59015821679547,12.162842846479188,10.743439406566598,-1.5874034480582582,-1.0849092861001448,1.003958719884826
50.390861485819684,9,78.82355258956102,4.882081763525481,13.902867518285722,-0.2464700222861042,-1.2089548787444107,0.9888635025915821
60.81730951389746,0,129.926523644058,10.876185273057185,9.815063282854542,-0.4140735656942295,0.10474138267440551,-0.8144475339020971
47.68708754629723,9,142.49408156514198,8.147660701872844,10.629299646349073,-0.28134214226725923,-0.11021967223973154,-0.10824293040814761
50.85140385295406,0,91.63952157948201,12.288324673835813,2.4963495797191646,-0.46754194746636324,1.4743903676556673,-1.1177460878366943
46.283921885430075,4,59.549507479351426,9.616517896411281,9.683354308014438,-3.064262697385419,0.17990657730546417,0.11440246248720172
34.12707701627839,8,71.9096131919811,9.34903520695619,10.40096653140339,-0.9778389943136191,0.756556552052887,-0.06610816319528956
48.45351690183652,6,94.48479031868338,9.67390918494809,9.872359266007223,1.081195800422263,-1.3015774270086886,0.47264971029149283
44.27034780056274,10,82.76204286824924,9.230921735181745,14.471639115552039,0.13917799907131878,-0.0869542245480882,1.1727659923215896
76.67010918011755,6,113.72279244431637,12.31364367246891,10.161369486834186,0.3966937711113364,0.3492864080760245,0.3660416640316578
36.48587449958025,3,89.22133306625591,6.221323486188334,9.760832660427909,-1.706215772420613,-2.2707498802794066,-0.27939693690381373
38.68108828553687,0,77.9420281731856,10.789351310297274,6.296007650837822,-0.6865773762331369,1.5583399045681066,-1.8503608966819245
43.43505216034031,22,70.61595484294875,11.095662818193212,14.155151760577725,-0.9996198084878074,-0.6417327188597558,1.3990330365891213
60.367867583176874,17,105.75343484903524,13.1035268162291,16.561838776555298,1.53594266767057,-0.2809813552509905,1.5539681573915114
39.955707667841914,4,86.86435044312194,13.098437600603738,8.097419133196315,-0.03305333175449974,0.4685829694979524,-0.2771814768551241
40.52409672795231,13,110.78002339452505,9.166582812030446,13.947985229901404,0.41102389330039213,1.101343342021889,1.230376769203278
57.45295090609705,3,93.75608502777143,10.200022602066289,3.9154390516606314,1.1348767120712158,0.1292044699793302,-1.2183324595162466
46.05818381622933,2,107.64489135930522,8.988568866521637,6.641984856238326,0.20640596175621193,0.4605656140854393,-1.1918570039721834
54.66740774038881,9,91.64585008931172,8.832303373765047,7.866331354091025,1.5025837105962667,0.13699108953961905,0.0885418791992541
51.48572490931674,7,66.40918027590521,10.245342326415456,12.538288313681308,1.0375335517920625,0.093424071447073,0.5805277016246816
66.3977239525923,8,121.52706677926011,13.569131448456103,13.324478652079328,-2.546185903561558,0.6124433775801834,0.6198098003857111
43.36044977025267,7,102.19766524882803,13.05363175685839,8.8668055990187309,0.3829912974610953,-0.6681025816509663,-0.42216704831363555
35.495504597896925,0,120.48502647584246,8.901312699615934,12.3224972105705,1.280238736783802,-1.7649309326338785,-0.5375329282764973
38.45971841976407,0,99.06343036454115,6.444927474211976,8.806385410627549,-0.11965180341449039,-0.4311725881581644,0.10493949562743077
56.75252933351705,4,107.54249232927249,6.134171472863352,10.647566525514426,0.8240624810110347,-0.12860547768351127,0.6061917689250844
50.38979626014579,2,74.58467085027036,8.040947539995889,11.35324112303789,0.9855742173252676,-0.858999726567372,0.32117925193337893
48.79482314869478,0,94.22146719398806,10.418572391473008,5.793164393428063,0.02556294254326147,0.35014034196360655,-1.8396393655397238
49.403379991528915,0,96.19840935477743,10.313105955243675,9.669903486627051,-0.7026123037146996,-0.34112144274983736,-0.7009446069964274
67.50374049507533,3,104.11531121166517,12.70678083290085,5.987258571168596,1.0573217168086402,-0.5000303171783543,-1.300608083467422
75.6248363900045,13,114.60223027444415,8.200609187484964,9.492419669159505,-0.8690946756473966,0.7969518628344275,0.6747734273164047
49.88805610573005,12,127.30599001482115,13.105244354857584,11.417648760519253,-0.25919143892455315,1.6222704533932804,1.5919633358816925
50.927915530328285,0,114.23680776492925,10.607692811397587,9.648061249696505,2.26822584103926,0.3795027759451841,-0.9541437273702214
46.2321638787297,8,104.54564201205112,7.817447390200618,10.867140478521355,-0.6718003742898273,0.3449902271305203,0.5331122791157765
62.7533348781144,10,122.7445531401651,8.750370068191174,7.334767900234941,-1.0786574848582637,1.6944227177667508,-0.36177850891329544
80.51617832889094,17,120.69010714669044,10.72391187532496,12.839949155817186,-0.26113852516890357,-1.1738636766168344,0.9799209734412372
44.11980435522413,0,60.84253470319969,8.710372382575894,4.054911011698436,-0.4488269886289379,0.9446990852440957,-1.203618405216393
47.77726755773464,0,98.39340175092734,12.487843052011458,9.380971168375156,1.447729777169538,-0.686179831657146,-0.6582260284100999
33.70936651290065,0,99.5475381915169,10.465462370082662,4.466974694712831,0.9432126889239265,-1.4752170082596778,-1.7704994025599698
31.927696718880032,9,117.26910250758345,10.558122095882915,9.332372338671005,1.6232475632349743,0.41149212100202587,-0.0866776162995341
41.33441483553867,13,100.53832588100057,9.139123133631763,8.856761520990377,0.9971980356713455,-1.0188386530627158,0.4365967189976039
42.029893409896616,4,107.33068832751133,9.163512560508577,12.191215189179077,-0.6868115115590566,-0.09614731384938752,1.0312341937721372
60.039410180417796,0,122.48558004143408,10.895196054758202,4.718431539532276,0.2457712711673411,-1.4330104713246428,-0.9738954221539966
43.107497373358086,10,68.0421142170124,7.744293700767342,14.368671217925217,1.2047090113372338,0.47962565575871446,0.9792943869526947
57.37934570300292,6,106.45224141900042,10.112608875494509,8.307922199378295,1.2078204241915864,-0.8561494520216714,-0.29623142143986686
45.735162912872624,2,88.32637615503602,9.630493480112925,9.851326114457965,-0.13238789106153936,-1.1910575576431455,-0.38720603720153873
36.78709900482346,9,89.65834685867522,7.912140878642703,12.286875490770404,1.7908843556384682,1.0584308784488219,0.31137109322638923
51.369521960853504,2,120.5152903332016,8.316709097792423,5.0298009516790465,-1.037216755351146,1.085285400157016,-0.6054984969994386
62.05528231456079,0,95.08436942391653,13.481187228992257,7.479489992970403,0.08097920780080708,-1.2941765813613577,-0.7445899672622197
48.862722357033434,9,90.3426959381085,10.970817019507932,10.51941743695756,0.8980521797473754,0.8884418064846132,0.09606884664715479
45.66177996646945,7,110.03007359577605,10.465361134745203,7.9625901904599345,-0.9495807187836682,1.3806359584271723,-0.46600793165073084
46.40402924910025,0,144.22304309064796,11.315735276439515,7.24607641323808,1.3369384634371773,-0.4677924777029508,-0.6510363648314403
48.840006897185276,12,76.07869030742091,10.583710173346905,12.083135967795904,-0.6487989595232576,0.9265675775919349,0.33815676366841474
56.563588964059136,5,78.54230571282963,7.512123844717985,11.553571188084565,0.5312362815139238,1.4170373198947865,0.4554168758128786
58.18280215186607,1,113.20923084225748,11.753525295084986,6.711834435392033,-0.8229513427974837,-0.36218871900571936,-1.3783744544441592
47.346926349454996,3,119.42904816357148,9.361317118456329,14.85481023142679,0.3743606902170041,0.46951265851517643,-0.16601166488415714
54.827419661601766,6,116.06931912513322,12.758630932911357,11.757495221219388,-1.0061363538632146,1.1290511992177221,0.7562776324712478
53.189544515620106,0,96.34303036205229,9.23845027297904,2.656822271234498,0.5841678495895991,0.2291789512226526,-2.2369551553003104
34.007900955396664,9,95.23686693265178,10.71253932131786,8.933190648577712,0.6042985027068725,1.1454484868328472,-0.1934151533802888
55.21327178631988,18,87.93447514813366,10.826300427662126,12.986105802028408,-0.44960836500431606,-0.09452290200828811,1.0189303297367467
42.02602966356401,0,93.12912642954281,9.855419752320461,4.931757879387324,-0.0937074997719621,-0.4570181370422976,-1.6987031571168787
54.59821370629182,5,70.42122665429473,10.130463938660197,12.044463945489936,-0.3295935689104567,0.5129929017339212,-0.02342508281544657
47.99608381899595,5,118.09547825599857,7.571337873213573,14.971195720400399,-0.13243444602795917,1.6911321623204036,0.1434067470107009
46.574981799542044,13,120.75247421456811,9.025131937737447,14.375794485868575,1.8282601321574115,-0.8629101237571393,0.1329614603152809
34.79688893433541,9,89.8556995968694,8.4084803868643,10.107783495533607,1.9684090091068966,-1.3661207859655486,0.5995007374314916
51.98168861303768,1,132.949357234143,11.770794886474837,7.927570178848587,-0.3062642906893831,0.25440800249390405,-0.7117142972372308
45.001301771051864,2,114.18470609574537,9.484782722312447,9.886392303563866,-1.6253793796954887,-1.5079946850774109,0.24575654334877053
53.36659462271615,9,110.11724231851855,10.80458291702155,11.173672802613249,0.12916087749352415,-0.6006583932138214,0.2795287023156785
38.35192805335278,0,63.31914440538453,10.038324895039564,4.606292528982758,-0.4297552075156304,0.3319583537144553,-0.9397710840955311
58.5137446246825,0,103.68921526527056,7.761909695689939,9.221812801096473,-0.6965062308278402,0.8073616902741315,-0.7089548348435236
49.38784066670723,7,108.2957944419153,8.616901056902883,1.3618913513956041,-0.32849664554688024,0.7171693508522123,-1.2740205679646928
74.23492632060231,16,107.24861041946197,9.146216367565351,12.316598592629179,1.0282555930956987,-0.923585969468839,0.5315681619545763
51.094493294881694,16,92.5274238367735,10.889090887103155,18.785127666593905,-1.0294405963420301,0.04433957292545695,2.4202154844821027
38.69468319217726,8,76.19482158126885,8.077824153026985,12.191568753255833,0.6134359220938858,1.6776915197279163,0.26135689428892284
55.08247250669847,3,114.52983633485162,11.223810238663065,6.373696195723866,0.1572457673840964,1.0479208018495225,-0.30470865014664994
44.33618884346895,16,90.58004819762573,10.777816837399108,12.634119195473655,0.7495058700418268,-0.01855380322732786,0.27299851099957706
57.52012957513678,4,116.07065974778801,10.141883970419851,12.258948928468843,-0.9025889953389028,-1.9362536190518636,0.12531100340101578
48.02004913812779,6,166.94337146186342,11.117203086387764,15.374475987615522,1.2920918647392374,0.08659413796600154,1.3249529941128735
52.22515935884642,15,96.52378588689793,9.498535282394604,8.866122424823837,0.06529180751733184,0.367567398380322,0.8043392909238574
49.08342064950783,0,147.06112031272698,8.29324190794852,3.5389893910976866,1.1882028742589466,0.904111479837924,-1.6979603873566125
56.61261882196681,9,77.88846768230752,14.74415249894946,9.159079881569399,0.46934154550129503,0.39034081735969833,0.2644981535675924
51.212194521557436,3,100.19343346024229,9.051286262819215,6.571911478485957,0.002915045565259302,-0.8384804003275507,-0.16209201736243228
64.081714461308,7,113.40144826922851,10.800282346771803,5.55003034445789,-1.5809338727666387,-1.0314074801687816,-0.4145430002164443
29.477418481570478,6,65.73421509823672,8.649921866415323,6.99724335775872,2.109738874373726,0.7712047773553297,-0.5360649795990042
53.74389528939187,0,119.34277801210067,9.836891486057707,6.657949982830585,0.6876281310819234,0.2715381304250616,-1.191762392547146
42.31241962801711,2,99.98895899426115,10.271120271309824,8.273027251337094,-0.8738575528297607,-1.958198673742379,-0.6656186218488473
34.84906362961024,0,107.25751741572202,11.781412902138642,11.372177620008172,-0.5006912066941261,-0.34743182552760393,-0.459938758469381
29.12028955750277,3,69.4131487835924,8.581839619618693,6.498029861737411,-1.576536614696537,-0.8298485640132918,-0.5430363528874567
47.27280194862385,3,70.32124942967752,9.530768862108793,10.915217409530989,0.8118088853504045,0.5070828333717232,-0.10608015765386736
30.70539554924458,2,75.3125248793769,5.93375041525352,10.892061632023253,-2.07183611203956,0.6954487351579829,0.6479832720696754
53.82761434994093,0,116.28506647538529,11.932434333817076,7.545799850503114,0.4326401064214499,-0.16461870140804885,-1.1465061140174888
66.00163083114464,20,93.1762354179742,12.431921443270426,9.381050653225774,-1.4484483326383741,0.9513373061942842,1.0714636805501982
52.610554361398584,6,108.41360028618597,9.907250258317701,11.756198376410572,-1.2361029033782798,0.792773546327815,0.6682236271003953
67.0247947888324,14,136.48384758106644,5.207101233798332,9.103342801865839,1.0068374279192362,1.0439804980131409,0.8963480847620066
54.542192949404246,1,80.05840057571035,10.872131605887137,8.39616434192095,1.2214711440542119,-0.7801988566745619,-0.18792833737375414
39.463877112433075,4,104.91101387667256,7.076272320697857,12.519955385700865,1.0298054630949292,0.7359298627478152,0.9116741861624695
51.274179783765284,10,68.47783901772586,8.793172444416491,9.69809029440576,-1.0627955953050903,-1.1028150342427245,-0.1444465730790611
66.72019829329379,0,89.9515284494965,11.333677457591119,5.440473269759054,-0.3856177710728475,-0.9919114010093327,-1.3668863902412647
71.55260770691562,7,125.47016045029159,8.639646408612158,10.204983975799005,-0.6475583572977369,-0.2793899338003998,0.10466219911728536
63.43391649934989,12,112.94200409279452,12.443270647063581,13.73213268246246,-1.9512462595165962,0.8038833152412038,0.9951712893742102
39.911542586775134,11,91.44741274371316,11.723647589759196,11.44622732525574,0.016413606049268042,-0.6466754088780327,1.273208567557926
44.16377631667526,0,69.76213335220211,12.443318108994735,-1.4018878232380843,-0.7504429512337474,-0.5204662000040754,-1.69669560006448
42.524639161780655,11,64.06284962199078,9.181754065496138,16.076461415671556,-2.0059617004238603,0.08453311823400844,0.954616966010673
50.77593782574564,8,121.29662784481887,13.734868222096855,12.884576203679078,0.5012339553695725,-0.9209917452908807,1.071276403794955
36.453971591995355,0,97.470307600543,11.523509481478584,5.0661562826393345,1.0835584308414492,-1.0958438621016457,-0.9369761317585001
52.85070879885993,10,99.30844204597818,10.94000094203379,17.12268543156951,-0.6102696613590372,1.3934797459255555,1.7820752290439517
44.39414780522034,14,129.97956521046112,13.374435981877916,13.71403285783101,1.336563135127639,-0.9438982547008771,1.1117674466622705
51.43773615124779,17,118.75858997711171,11.343214702494965,17.39759880785539,1.5727670787136574,0.47227219657867225,1.5272750143900486
52.23372915651227,13,97.17332431321474,11.465122262168112,11.893426918729862,-2.0995504537604024,-1.0961783516212416,0.6827814987156036
66.23161132832475,13,80.94374014114864,8.706716889335834,12.900949221897243,-0.8036832748036052,0.5320804093556605,0.533856267741317
50.924789360882215,10,128.22205874799107,9.679049274053428,14.243239295904251,-0.3281063689827083,-1.3703071266123632,0.733600790791451
36.91543082694226,2,92.96378238635559,9.613132042529623,8.43849597257828,-1.0729317580282243,1.3211305404786744,-0.7238510647195772
53.901822146136446,14,131.71602831472717,8.534388313575809,9.093108620907111,-1.5925285006753773,-0.9739455944234562,0.6705235797502678
39.74247923322241,4,96.13188434505885,10.888379686475307,8.802348807048453,1.4212408604817777,-0.5500739577376977,-0.3193216837690586
56.4136788482252,14,130.59411133406093,9.874551971162315,14.63879414347791,-0.8064465871793967,0.10339849403469474,0.8022551058271532
53.82722235843886,0,107.52612099327183,8.611156669917092,6.700718600710006,0.3514019896723261,-0.5140089355512679,-0.5817356190766385
50.52298946350869,4,100.99564658830288,10.148264094676971,13.289021839208472,0.8214424618096872,0.5418377289925964,0.3911194043870529
51.50274562251677,1,112.2206795994318,10.496295732793195,5.980295611592233,0.6934058967389537,-1.5549733845532543,-0.25092839482642737
56.17653922833998,7,101.23025536534409,9.63979345003913,12.100284963346462,1.039636637633093,2.3088997614420346,0.10509442933000479
41.388397719473986,2,96.3556343073197,7.850819477725533,11.378345238009992,1.0132808040337724,0.6496408552520008,0.10646775895995578
34.95502556610658,5,63.60730460114712,10.145712792305163,3.5550328773528728,0.758243828884213,0.09947671683287956,-1.047067504072137
48.95689918806778,7,127.19886936568065,10.741807016670707,8.73157197264524,-0.25647130034769205,-0.9900779968085314,0.6684330583659626
37.02771738424053,4,105.65165052569893,7.857503497722698,12.476011170657532,0.31456668090915957,-0.5634702942628587,0.24956586718482743
63.71113243196366,8,81.92957886116105,8.210178232267648,8.918357546295919,0.987810050622405,1.2467550151201994,1.3977790074267662
58.21971589674066,4,83.08430485736287,12.42453055395431,8.199977282756016,-1.2455143406231544,0.5842817498582672,-0.2106512554805145
48.70089703734346,4,100.00245030863088,12.750247011063317,8.617147684180212,0.5275508719415394,-0.006329806170226018,0.2117867684051295
54.42533466616368,8,82.41638009592516,7.31724839837692,7.296554978635781,1.18737022233985,0.25448343196091144,-1.1188782086734361
39.30334583523875,7,62.78934165380571,8.337285224401587,8.447539782788175,-0.04729878280627959,-0.14698800020836936,-0.3924765489886194
55.25639669283704,3,128.4722614018875,11.832069674308697,9.995467158309395,2.8802077377374102,0.7755004840937166,-0.801828565363101
51.504568333413,8,102.86745556362409,7.752034262235266,9.555969488055863,0.7691858004332942,-1.1689090667803055,0.35891142184582403
50.97070585736224,8,73.75817057568077,8.248957476634704,15.404113432294725,-0.6883985097567039,-0.46395512116694704,0.7282929317115936
56.827821243885,6,82.69401686507126,10.974284627431132,9.700387161787043,1.4890474645355987,0.5414330420661034,-0.006186670261462024
50.65299044474997,9,77.99870240883176,9.642904177752344,13.895205885946684,-0.21739844540085004,-0.756845849716161,1.0258129951534025
73.05793762612032,11,136.8324175358094,8.837036371555358,7.587747719391632,-0.3723762200450835,-0.9800156318220568,-0.06909515502617075
40.60461155407048,9,103.12370074175548,7.8776497509367385,13.257066890006774,0.5078625099170404,1.3144379551535699,0.789092473282357
32.78806152663063,13,71.95480716724815,8.846220511486731,11.171874734379728,-0.14931513502495997,-0.37772896490646785,0.45700494077883125
44.897827996092595,11,59.62958806792817,9.967229427507096,13.728608862442789,-1.6559273802931864,0.6240472568100282,0.29354344162487145
59.08905816963562,1,89.4614048161732,7.075016971823727,8.220928971063863,-1.269412871444725,-1.0627361221254348,-1.429441945396192
60.4719949116764,4,82.86036773147066,11.335212008472881,11.270955747848241,-0.9478406889399383,-1.1399889595108794,-0.1348803236555811
39.08845735190222,5,67.99542148804971,9.73413362217424,10.596322924539054,0.174032733326166,-0.9814349761926956,1.0001901028285742
51.29633636051996,5,76.62423057817064,10.939236686223447,7.7226833471182506,-0.9185210942250536,-0.9747208010189186,-0.5591500162190619
45.66915309167838,2,80.19250280469508,9.76093617179845,5.817910616066198,0.2593497866333577,0.45822796809411254,-0.9285904878432689
39.8106162905039,0,98.24152632979597,10.88314124311637,7.943999842070056,-1.2024643652997367,-0.2635599312829572,0.09871741392170985
59.92859507995149,11,130.15979093730482,9.34117982477088,14.306094991957501,0.8698387112823405,1.1126616444745696,1.091506917168538
38.08177747232483,13,81.96732973760709,7.8186379153232295,15.309872063241203,-0.8625013597032337,1.3468403214509124,0.5535260657105544
77.59362848294998,3,124.12995739963816,10.580160714457946,7.045073682556527,1.0844386105846286,1.5545978048857476,-0.389815934327016
36.36401892320859,19,73.65734594285374,12.548060009743796,13.411804671311122,-1.7349149285143777,-0.6426622000527199,1.0948024796819504
47.39866747777589,5,124.61581452052809,10.065082096988295,9.205257838978,-1.7557421993084956,0.24233933249272355,0.5644980805826526
15.738529835614713,14,73.040522435209,5.470906821816921,17.675521477741,0.4889670606066916,-0.18387619599426944,2.643546930802683
50.11678141155492,0,133.8570806325266,12.504104907654094,3.064288621224936,0.1343267597807104,-0.8004687564846454,-2.326449546134347
53.78177016328913,4,97.54648948227434,12.079574984347216,9.623787128197561,-1.7573541473806076,0.49937399200635313,-0.4489115326927473
39.850710417018526,0,67.74912038497705,10.657015979465303,9.440515549516531,1.554845861428745,-1.5664133861586853,-0.8174663600795942
79.31618772118847,4,85.93875660529805,9.112050260668186,9.868115142956286,-0.04174413827167601,-0.10482321965275429,-0.12553723786120063
48.22486905561962,4,110.75463426184838,9.62890578611709,9.498111699896546,6.279795531668567e-4,1.6119597373769623,-1.006090693151238
41.110281706961175,20,106.3871210661365,9.137698490507397,18.62224696501317,-0.7287840887834681,-0.7870513066429506,2.39278986190042
67.83131477613385,0,100.71322121372762,10.324322140170384,8.935982723989666,-1.4489769841586175,3.023819230648631,-0.13260113031521326
36.235078220959565,6,33.06645991256532,10.485444177917262,6.036235573049235,-1.7212947552303943,-0.202126348371553,-0.6788193320574767
40.978183243936876,3,77.97126129798848,8.281109215634602,14.146575185335017,0.6937014770804859,0.0025643494063994584,0.4780012096574457
77.31651647942604,14,125.34278189855777,12.428293592998973,13.346338552703353,-1.7209850458174831,-0.865994597340318,0.5894557155082245
36.04821884669596,0,60.08069627594598,10.379997510478434,8.703763183585831,-0.24888559006513356,-1.4908234991163423,-1.0822152871062327
55.16426225259873,9,101.96677867861132,11.131030741947207,16.844164303100264,0.8345842763260002,0.6805654601112844,1.572861926125896
56.05664855826249,0,130.50261168945843,12.541468276311939,7.640045699859696,1.9823290943018028,-0.35044647773934323,-0.999934723083689
52.03041047796945,1,98.18938804383683,9.227042803478366,8.685615164564075,0.6396651990347821,-0.5122420936358292,-1.2523728974114081
43.48399919559962,10,72.44566093203713,11.058543737109401,12.719582526582215,-1.0824602789559754,0.7856455830774784,0.6989637655816086
66.1349536848152,0,61.47659024392035,9.9871310181206,8.26858262525886,-0.9508539123690127,0.0013165128867373014,-0.6492086585363076
53.51865076755379,12,144.65480900853493,9.455489870530394,10.817417247316946,1.315439268982105,0.4865673079894348,0.3802191298566417
57.7922699084057,15,103.48529433804681,11.69646144242996,16.389445259876453,0.5247494211342215,0.9481995747475224,1.367292150289016
58.10982134616417,12,98.58292760396296,6.0394968036739,11.159822736281589,0.7723900539546146,1.453692839172676,0.5681308166254687
66.7626039870043,17,93.92338085155593,9.668716973603097,13.408084929015509,-2.1086795588044853,2.046554616148818,1.7106964131462346
39.265907899931605,19,88.39157220606374,9.371532793231216,13.587054083827843,-1.313656775067496,-0.3205751169405417,1.3026539958533583
27.60177419837525,0,86.55949928547291,9.730633707069899,7.405611108415597,1.7117964157594532,-1.5675744985498383,-0.4882040533724086
41.03824749402399,6,104.11257928803629,12.514635826993834,10.851557400932132,1.0407095739102346,-0.445402526598056,-0.3111903392361652
47.72090238825718,15,98.87730949110284,9.868631193174513,13.22580467817133,0.746652239597481,0.3942903187721424,0.39089799537602216
54.27850250124025,21,84.38412543639421,9.541280080632577,15.650284456691281,-0.2644551809221427,0.34237919739939243,2.1508502607835136
48.478030646151694,0,122.32835334041242,11.633112543011016,1.5400599175450047,-0.16953534848068663,0.17319003535950062,-1.809921515080431
31.438100577594547,8,91.74747365119426,13.9672360927846,13.430049213501885,1.036009515241298,0.22328138944409345,0.9385429765254103
58.76656038622569,9,146.05285446759143,12.882250129767598,9.900422793115856,0.6441040865737645,-0.6243693674748222,1.2371153276866451
46.24785897217728,3,82.36441992005669,10.414539142372622,8.165296050378549,-0.16553552345155004,-1.627106309368687,-0.41699325921147234
69.95336352355228,0,122.80466591535514,11.28601868273207,4.537816613519461,0.2727274407835143,1.0715311020973848,-1.1593126835993433
58.957433321282366,0,99.80941969424184,11.49631389989581,9.910567825478818,0.4659228295165194,0.04445142469338697,-0.32905743331242576
48.859886847172696,9,115.03501323989165,8.739799462447927,10.63712900488475,1.8642279609376946,-0.21097745106675292,0.5061739497545161
37.5439352651156,2,61.84049667420828,11.35206301873353,3.713198051386656,-0.12651601789263453,1.324838245704016,-1.7711994810465141
67.17193109356603,0,96.8491662789783,8.595359137007495,2.3155574295513333,0.0660609525106059,0.8767138218073683,-2.124252138214157
64.06025799440754,8,92.2115372917261,7.3547473003750365,13.32205498364733,0.21982679684348164,-0.9232514551065356,0.6349637767858525
43.75062430515282,6,109.95431025408976,9.541666897677672,12.74441535450918,0.8055567335974056,-0.34231215354883326,0.3062384697958222
42.747147268377056,6,78.75339334195453,7.40912849919577,7.8129708307402295,1.1116217978573937,-0.6622685422532745,-1.0138659062902597
47.91341048250334,10,132.69384088593645,12.091269513490367,15.125877010144116,1.7559952200022262,0.33656304861347536,0.9552476216500616
76.96004014205445,12,128.87439659641564,10.085388490875445,11.778127385679497,1.3732899883022507,-1.1962221084254314,0.8526217189677484
53.40161261533837,6,104.17236102884989,5.2649085312226145,9.14129485486949,-0.5087114638927442,-0.37532157580532816,0.4327363013901542
61.224478795611965,6,138.97153327644924,13.36720983126914,10.926753655789467,0.5500257642628426,-1.0109427513445746,-0.3142964044876608
39.5964564450298,9,98.76486560977082,10.864210597058577,11.842195369197526,0.7989515589019298,0.543629350177494,0.9167653724198956
44.20421809365949,4,107.04572605040683,12.700787292779005,11.345799614307564,1.0019340871931273,-2.270859142438763,-0.13171934293702012
34.607666517331296,1,128.32496220401651,12.067779492649596,7.157819643494557,0.8256063563739946,1.5958995110982739,-0.2617024057020568
43.114563910162644,3,112.8402106375218,7.218983977332678,2.733872065496647,-0.36182992562761396,-0.48881761196199053,-0.5506547219138194
41.794051923819104,4,96.07075313736567,7.921463036972726,9.590263944311184,-0.11534541941107915,1.0529207511325225,0.5545735586806502
32.67181974314189,14,126.2492411063165,11.622853104994267,11.064066471984892,0.6173958896314662,-0.8834531835414289,0.45273357720677215
59.18466031736165,4,119.82026214268288,15.2874141635751,9.373745060455077,0.3194310915250636,0.9880275359534609,0.08478083288575747
32.46348773924226,2,82.9619111779426,9.280472717269982,3.850253166297019,-1.0666569569924278,0.22326654309454178,-1.0930001748441558
57.833298191566016,10,126.5301582827037,8.902091164639536,12.131547002354528,-0.08616848106578077,-1.6576634163783697,0.6448414326094252
62.01603230136395,18,87.94116397911615,6.593335593069106,17.888512050434212,0.6458002357607064,-2.011101810523851,1.6740686014266062
33.85068223692225,4,116.97006261318236,12.403737076998205,11.20082285659123,-0.49009615028149556,-0.38032337346085143,0.22902983075351616
54.770610351364446,9,122.09336731401457,10.902346141910188,10.323821864749698,0.4941717845916158,1.1152438258187094,0.27774322631268117
42.900240151743354,17,96.2567909788249,6.708449306531826,13.668993794190497,0.5694284696746231,0.10301487580369997,0.8709550426862448
50.77344211668686,0,79.50189531852203,8.17327351658965,7.024968233193382,-0.24366793773906126,0.12048452457476337,-1.2789538787556158
56.1724269282213,3,69.35810550119223,12.953856781502079,2.22122266136797,-0.046582273617331145,-0.046544667736082485,-1.3362657852196043
53.20336137029085,4,124.61234319442875,11.131522035448613,7.602750373899807,0.5817607965283152,1.7496895802469123,-0.02524686965874856
51.66651260437623,12,94.07554163889895,8.828527597852561,14.264072537156633,1.5536672528492672,-0.17536557291545482,0.9449037926456062
59.09010076939164,18,114.52824975819499,10.226088461736845,13.108797509771186,1.792275916309267,0.225860884864544,1.3580921122447056
59.82033114187288,6,147.12328741306692,9.930121767378159,8.406270907469276,0.03715679555412854,-0.5297002776210991,-0.021210004943012714
57.05714261879466,0,61.04893740233186,7.6543141338503915,8.410224529146511,-1.338136717561474,0.2464803564049069,-0.27876244238009024
52.865052057930725,0,90.57333203313082,6.429986922880823,6.202704619773133,-0.316411425146514,0.8109357407708797,-1.3064394353915092
44.830620688129635,14,102.7667807417809,7.270625260204513,16.180530646772777,0.897994258122309,1.3339875509084391,1.6299674421653059
64.17798761410523,11,102.48739402761363,9.885381974074539,10.507687156190382,0.42917924640409344,0.23394600501797058,0.7620522459909281
58.49064678925842,19,130.5666014865746,8.489568348514059,12.678413437714593,2.110139043385343,0.7764565147448893,1.4512708617542547
47.907276221964324,1,87.30402828885589,10.913641012032931,6.768111957799674,0.6897859765441906,0.6129396157787355,-1.0082767159644743
44.18509273254457,8,87.18511004845446,9.085730959989387,7.8516317681592325,-2.3525093816651688,0.3762380884667022,-0.5045244941054204
40.96506147974414,13,77.8354110789996,9.497932849351395,12.905767546607484,0.8679870466673799,1.4618870544438887,1.439936833233174
55.132847197025775,14,95.40239600288778,12.819867387663717,11.199434939360641,2.2966663299850656,0.08184525752093494,0.2897874251932981
51.61318010252932,2,95.34229308619486,10.135261285680308,9.025473524766477,-0.3802542615078515,-1.1326026144669137,-1.092353278046209
40.926118763171424,4,113.3116721785563,9.118493668462069,8.298927292987843,1.5161167092658125,0.25654904181834676,-0.7902072684789541
58.16727124477687,5,103.37344333577633,10.02141999982552,10.353408329518027,1.3744260903732421,-1.069858020515024,0.42827483764034235
50.34361108315127,4,65.70575309270254,7.38409564019417,9.905666117102182,0.1291375735237119,-0.04985044212664875,-0.011955023286016123
51.0043011315507,17,91.31832842512037,13.520976407945565,16.497805863829903,-0.723125142985082,-0.015939987710256075,1.7726934771307874
67.88429388188317,2,104.81467446737115,10.16857875131683,6.516888743052089,-1.9043620186295163,0.7784684676681667,-0.3943329992612938
57.21129867332535,10,92.68004381368984,10.983060190732818,13.239991918519951,-0.22377590686998175,-0.35106332161871895,1.107524339586106
42.23206521534493,14,81.41466125052042,9.810040704164908,16.239721830971092,-0.07149285585780611,0.4046824087229967,1.363022690118846
48.04015016497542,3,107.02708162148693,10.172988589844024,10.768010795140214,-1.4676373022635616,-0.6899557857899472,-0.16301124785425733
47.42768663248664,1,103.71811381615198,10.795919606148148,8.251272233908873,1.1363045528547442,0.08028396112652131,-0.9712272757345493
55.935906016634746,0,115.18583406164257,9.88372467748511,6.714679451538673,-0.008327148207136066,-1.7784465612519575,-0.6150457949478317
54.819130601942895,0,100.89151266277587,9.827535236928636,4.386835352561034,0.9749885165608273,-0.8108021313255132,-1.225876333724051
62.872884525325745,4,117.98684748196355,11.731974740028743,11.049702555777788,-1.299517443783576,-0.4337372161534812,-0.29077044855308365
68.85320491999542,0,138.28692568150652,12.783285946348713,12.828506092122806,2.1159181473534168,0.18702958554299065,-0.36361126409817457
49.13802271779023,7,117.00459889393392,11.529891487274416,11.131666504761029,0.3379136966588411,-1.1371575151504623,0.7411575160183457
46.25266640057768,13,118.62508309042873,12.203944694234293,14.43462147777274,1.1146988005252598,-0.6086932885142691,1.4932673593969472
59.94508263150499,10,114.55514051907082,7.682116907400309,11.376695831205094,-0.8893932783555017,-0.6916701825351341,0.8770384984918188
51.18566893114107,17,113.24420148230043,10.049787878660585,14.153476735651585,0.13779812862625376,0.19005970842760378,1.6242566925259005
58.08641427999092,15,121.32648744923516,11.238573927072292,19.877847972132066,-1.6278794019288068,-0.3299408226015103,2.200821244692457
61.32756746096819,0,63.60945688454163,10.64807569516485,8.130852009608574,0.688604541934794,0.813075780104563,-1.375221864372856
48.825081213525685,12,98.51002047332042,8.208758667054425,11.537952713699728,-0.5760252572388043,0.6084855013883994,0.4814894686196235
58.7592271282432,7,96.76520104293881,8.019056706057833,7.921598290277663,0.9974507448448143,0.6734825324388312,0.30457463504632887
58.487530093598295,3,116.16056755965064,8.37667279081371,9.155197789880624,0.17555117086217875,-0.8678794617357365,0.25900494610275693
54.99789227639457,0,95.27858083417615,12.656050403458389,5.4215852825546635,1.4165649743090833,0.10508008715988382,-0.7603133461534879
62.13917671186632,10,133.41396354914156,9.19843155075362,3.9693245716470367,-0.16636288819197445,0.23315005571720143,-1.5343830961704203
58.81625958467327,0,133.75940912413222,9.504817512417695,9.90584558696836,0.013571836651942058,-1.4618227619389845,-0.9138865985111888
48.372655811590825,7,123.0800665281343,7.6167696509026825,11.596111980468855,1.1963408226119885,0.4268977699131449,-0.19741836182837125
56.95171688240099,0,71.09538542961353,12.295943196156154,6.87947750192528,-0.7478499860318865,0.4043764936455936,-0.7353654400107811
42.261174518574684,6,75.76757167672655,13.333412655866528,8.483140288364876,-2.0034117699715495,-0.24960022376934943,-0.07086440901186919
52.58732120603136,6,138.95627464013143,9.372874003184483,11.8428768701115,0.05325544355186305,-0.7174228476798205,-0.36283428960163777
58.11438014325,0,113.37208105483552,11.049132345411165,0.923348496430533,0.9979937026833628,-0.27538545765293826,-1.8515410469247937
55.15521212677244,0,98.56044153480296,8.74676969960804,9.680150417750383,0.909733617071769,0.05609173295527574,-0.3231210191091015
43.22287883682563,10,58.25521575415823,11.696403617299692,10.747433291437986,-0.35960349762807603,1.5381963571170112,-0.1530697496657516
50.44257656513254,7,92.0318169787513,12.334667537998659,10.312828782571765,-0.015005386763325216,0.77128196867258,-0.36919483477503867
55.84372041683175,0,105.14078516355175,9.478112155845594,5.581102977620427,1.4590538186971247,-0.8451607114683201,-1.3453686698126774
41.953348346661194,0,56.474405629774374,12.558229596706811,3.6424087945428463,0.6560798077325656,0.14375295177052755,-1.185621563967172
43.13228361461516,6,143.4521145620004,10.18509085123585,11.921852783763033,0.1781704153044862,0.6767850182756676,0.5021065336515178
35.802449978345294,3,72.78247630774032,10.401276775157056,8.87940079491447,-0.38346259031250346,2.22112465706241,-0.11423329335851873
25.758282450218392,0,64.00708092428518,10.866564977748745,4.06951097233734,-0.6123929193882294,0.10000082827095587,-1.7638559819788013
46.437524446454326,10,112.12843321648904,13.659317988881751,10.681528749028619,1.060921507143449,1.6206477413096907,0.4036209931017063
27.85413492224101,10,90.51218458056246,8.43978503962285,12.370598820309006,-0.19095821176437822,-0.9152985161358227,1.8034126747669428
48.555416190624996,21,119.45535248300708,9.519440814540086,15.964203805277377,-0.6884875955848041,1.0375606623271323,2.1697461135755893
45.1442588806811,3,66.93266575096142,8.227071978826443,5.841532578331974,0.7383566233461624,0.04510327624361691,-0.5128373309519647
38.900282474426454,13,66.44750943660924,8.198260188220747,11.958810907804862,0.5343583344556073,-0.30643339028006544,0.546912541215889
58.394252021398714,9,135.65686147119334,12.176664342045981,9.21935201255477,-0.9733207974883318,-0.827657236695705,-0.13124776607513614
66.27725273561424,15,111.61293244798748,11.163262586632303,16.585589743499717,0.5288139153498425,0.13814981375101937,2.1354842144021218
50.87004827843689,11,65.51748563952654,10.96060698294543,11.549585444910175,-0.3868116955046602,1.49050584901294,0.738919468117047
63.546863334918406,7,87.5447319060465,10.600374898060252,12.099846270370449,-0.9031620347963734,0.9765378775523628,-0.4549320156318104
56.828562464411206,0,110.92279811332313,8.06791289671451,1.4986185214107852,0.37383255384775127,-0.42216983177628786,-1.607999497031133
34.587217873190966,4,51.55050077977458,9.560800214828063,6.471036077921126,-0.24377917316458267,-0.5349370902508984,-0.6074449503196883
60.01362508359399,11,97.55021968186016,9.671936164702062,7.666051171119584,0.4259512845230422,0.06299329379244005,-0.15858973798553344
42.537186705917094,2,100.96606019603462,8.661619908026086,7.449762700166753,-2.50350832473303,-0.27677803090903014,-0.22089110710636944
63.167978773418724,14,115.84780851064902,11.173567369402305,14.571046055120227,0.6436039076985176,0.279283834330817,1.1955828907096784
43.94890899560024,2,63.64524838404614,8.194384253457349,9.540190197086215,-2.3473641749763456,-0.07979057087680685,-0.4068517975810959
43.92855628364421,1,70.04446011123252,10.291383463288984,11.04151503463871,-1.012963849834396,-0.08289761513913664,-1.1362276402400284
36.03121536448932,4,85.42408126390299,8.497248235561639,7.993611789186464,-0.49583033848716196,1.1085878161587002,0.25578968359555565
47.749160129921755,0,117.67569423099387,9.357182409741812,6.920557277937631,0.5607890241593227,-0.12307527976183104,-1.4863562904895864
40.99623776763317,10,56.53283668874077,11.032341027956974,8.417139593556625,-0.8940912879869374,1.384801587728602,-0.3784826178101858
35.444923558992066,13,73.83813553420889,8.977177123937354,8.737913785943803,1.6070187608342204,0.1730502548937003,0.6271940542834897
46.023511542357575,5,93.6593678760089,8.605198309448404,9.248100739849628,-0.18610538878521282,1.0747132626851887,-0.33739431273841425
44.907611853599306,11,112.1615222379868,9.669556540091559,13.286447682675822,-1.5170032862962064,-0.8937365166083592,0.8085307677993756
61.12972289441685,4,80.83176929368297,11.007390071751379,7.9023324390611105,-1.2844530456594367,1.667313023618903,-0.886271467847759
49.72955101981402,0,123.80150578260994,11.06681170087817,10.027723375312068,0.5478722603634747,-0.7441119260542222,-0.43403837585822025
64.85663341210638,20,67.59964686108353,9.890972381085636,14.764631911112911,-0.6117309560116776,0.6083817193289196,1.6456587861366054
51.223658404546526,0,69.64923097474741,8.260348226763858,5.353838204867821,-0.6358440921024063,-1.8266770957851515,-1.6110993247536
47.93926686685063,4,111.10973419176489,8.3759411436694,6.676902946091617,-0.9537643848838737,-1.3691946037574234,-0.8289236591554859
58.720146973177194,7,114.14773900143322,7.4694143472549195,11.291791295361474,0.8692672271090334,0.20848318094430301,0.6623348261188404
53.200270285830825,1,99.2937736374797,9.484627220906592,4.3108473538149585,-0.27095731685353985,-0.4123144006416915,-1.266079528105752
54.46796594997095,11,121.93771180545731,7.7400526903742515,11.799875289923236,0.856917027468102,-0.8399506263884758,-0.2584689626591583
25.333051827717362,0,62.14477882387906,6.663506254535779,9.946199853714125,-1.0626084510136,0.006101445632857925,-0.4248489049036164
64.18719792074594,10,95.27989430749068,9.048505656042371,10.122706576845612,0.190383962936308,1.4219278189275208,0.07465967447030725
51.82729801273283,3,113.39058040231807,12.644328782598745,4.809315317159062,-1.4543279820816175,1.0235356977449042,-0.7373948167401697
42.82188127456597,5,101.10387225792175,11.297039097005,13.476590930316668,1.6338204244761918,-1.2126011623514583,0.38417053367699683
55.70923110568112,6,63.72420913158658,5.437554067009787,9.630164560356665,1.0070504623824188,-1.3906560430672976,0.2701592168213139
56.60428002489534,11,134.91840895819186,8.925260681115518,12.452828584078475,-2.5293986195316935,0.4938917677866168,0.9866767889890932
52.167192388955016,14,82.44393309471783,8.099132511139302,10.17903595364283,0.5259587769458453,0.045247056592718,0.37934629236346
59.19993758664748,18,104.27328586755955,7.0981994847565595,9.686470099229076,-1.8375580792024748,0.35747781086314695,1.7023408082428162
34.37982471654,13,109.09734101484288,8.986154567245041,11.293679940485013,1.0479326145447572,-0.2486454479005313,-0.24238756123156102
44.97786066242794,0,91.07456188461059,14.355663880099891,9.772437361971194,0.7446538952690134,-0.6450530054778124,-0.9515076176970663
59.33466940123576,0,75.39284692941412,12.09419577722642,6.911780788588382,-0.5281841062229783,-0.8819503490632512,-0.8166212222890552
55.728828110829646,2,119.86601959854568,8.511804519188653,8.355613096935826,-0.3833934972659624,1.2418616172597958,-0.19267690900963008
45.743248161503494,16,102.4236875248745,9.667228577553159,14.492761587186074,-2.1973250603012486,0.4982555928950545,0.8255974323005157
57.516761670143275,12,68.64511788355905,9.368269498264914,10.279288579835292,1.0622054839731112,-1.9523069650378309,0.4544285031305914
57.747529201948495,7,98.77400360404205,9.008632988090094,12.560801674366154,0.1643967364448387,0.02680479654511321,0.8113881474436923
61.26753382022389,9,117.96822748668647,10.739511083616176,13.43942751612975,-0.21611474192350832,0.045732758554260594,1.0313712236756132
49.97813894771635,3,101.00012371923778,10.158882950295249,4.71318393884657,-0.04188901241734501,-0.7638450848619696,-0.7892297818813849
38.736290875012564,0,93.29196324693099,8.012325433727021,10.408703553776473,0.9553727899057414,0.35026601927161044,0.09674851626495995
42.54666279981436,11,91.9897004938986,7.324082118884602,11.357962400884293,-0.05033745646318546,1.2990822857575095,0.9905201271178212
50.206067774357074,6,142.7661418123707,10.477859564713754,7.5829015072353,2.9712406769826187,-2.231198767898974,-0.1097779501745823
58.49623991592013,13,103.15644952032571,10.262875085530167,17.07097831639962,-2.098445710232261,0.009116663752854727,1.304238375833962
46.116149394362075,13,75.51675902800356,6.752193641837403,10.60394873767164,0.5682689400091638,0.790556419516116,0.6080867350529595
52.60724552577258,0,131.08652333657562,10.486806193475434,3.654846266902031,0.8130344936590111,1.0705392770274518,-0.02751483396746557
70.17575884137425,0,106.39990411208261,6.106794448773651,6.582608670918852,1.6599361335141793,-0.660577456751123,-1.2150433270751466
48.79594143577159,7,98.39739979045672,9.66264301935404,14.690481767496477,0.8620464480306972,-1.3775679758599362,0.29596852846806665
51.748827019059036,0,112.98451921355986,9.990516663469643,7.0322843918701805,0.3006167307461263,0.7067864290196594,-0.793663991313442
38.39024293554377,16,116.37631858292623,12.985225131085645,14.428333814851111,-1.0344513376183675,0.9625926279856095,0.7384560621708406
49.88975333078938,5,106.38549927683843,9.428386706469876,7.879672906919737,1.4201129444492817,0.6880916181717691,-0.40429611508016994
45.58444441159408,7,126.50738984994805,8.522389259393364,10.719854955682237,-0.9987544881953363,0.737971468870245,0.5418278840573783
49.03545698369592,14,111.14618391613905,8.948005775725111,15.69585400580878,-2.661470856017511,-1.0000277999612144,0.9056542982967191
63.49936166281225,11,134.5420317646513,12.876439819026972,12.567398377898144,1.512205178915069,1.3060922762543596,1.3457587971698268
40.382339740188,9,120.72043605064457,13.839387953464371,10.988143995151525,-0.4426157631194656,-0.2853240091283483,0.715492705786232
54.15441992147378,0,110.29053477040873,10.177617907728889,9.337018524211247,1.2149997358106797,-1.1619963383952625,-0.734253151647119
42.79815869268872,8,62.56304932552585,8.992549547659133,13.679168512227994,0.5399074338106263,-0.8592040317381862,0.2635187533038602
39.22717937104882,1,43.84268021942614,9.9384712245143,12.6648761551791,-1.8307849655796955,0.5395546290938975,0.1522479671376239
39.13347589961914,4,79.55706392976728,5.102437066430713,7.058051346393637,-0.566174845697005,1.055588037307435,-0.6610367137707786
55.47368768129601,12,125.2221204324488,12.97408577142058,10.426291593831463,-1.0496764460507353,-0.07162322358073772,0.8208644607490462
47.75004172071114,6,89.85544867028169,9.070361846103733,9.809171854076663,0.05655960999507831,-0.8291445002773553,-0.012928854388708111
67.93053508975169,5,89.0431997861656,12.590138447647767,10.455332140527315,-0.6991058268118193,0.2651454335074462,0.23178361337686176
60.4337185247479,2,109.43353348759413,7.8704215406628215,5.796388228688616,-0.8217996899210771,0.21274794436882574,-0.682341405824884
44.43964557343808,2,92.19373398872173,9.76628247482675,8.949743878677184,1.1366542972590623,-1.0754892516196692,0.13543661667116152
43.836807913233216,2,57.93900517329112,8.685060263197874,6.249216361493848,-0.212861265113291,1.070338349702701,0.044999290358581856
61.1135246763491,15,114.45047703532835,12.544562353323952,14.54320165684609,-0.4196007054781877,0.5927228787578049,0.8082495633490414
53.57968647028984,5,101.6186065213045,10.694324480449652,6.09151250946581,-0.26741636391768603,0.2028286972269473,-1.410620054900378
35.81424269522981,14,96.2599766943867,8.56374940029791,12.541419111725723,0.4614728828633557,-0.7551540025631703,1.1826674195904072
44.358392494422034,7,128.6592174161491,13.04497510774226,8.93405316537575,1.8473206250312266,-1.3663829454431138,0.5137977595245082
44.51202533230156,3,69.86134393090799,8.133970525630524,8.557911026503856,-0.6362553926698727,-1.3038701713197136,-0.9406122405156738
49.83259842083861,0,111.43374387544034,10.189198343365465,4.201902647041887,-0.1029831314310551,0.09406573973777972,-1.1330613251058406
52.687792490073655,15,124.94320875830604,9.268660355912788,14.783032689595764,-0.14416055055874152,1.6263145826196925,0.9617485888172064
25.827765610964597,12,43.401781917033844,9.709585980358083,12.471550255482107,-0.30775600684686466,0.15952011188732307,0.5621550805000675
39.88897395808276,4,132.85400940293405,6.521180156384704,6.662825364012085,1.5921711057149879,0.6389663577299324,-0.28088887357050296
49.4090644692902,9,73.98010356082293,7.836935850710821,14.688760272677573,-0.4646848424772851,-2.4413327700225467,0.4895743568067831
55.242025303316225,6,74.99128873177791,9.839311183267474,10.455499533913075,-0.22261612613667126,0.16527314790731054,-0.02733892068493425
49.75974071764162,15,104.31162085053319,9.601997203208622,11.497722203428259,-1.2905234895029711,-0.3359823831794174,1.4909423821146788
57.940155079009756,3,108.03690274043946,11.917921565250257,7.741619754383764,-0.30513419883373083,0.7752565284224302,-0.7671843846183708
47.761332989091215,16,74.66872290065203,6.9825008053059765,12.282285224497457,-0.7216243837356645,0.47589523742878614,1.3117425119966095
50.63355992832658,0,101.03241051468699,13.121954374858408,4.153831974272167,-0.31350525464444656,-2.7530342018068454,-1.985171836292486
44.387516037786305,2,84.14220751378551,9.443616773971678,10.009858692514674,0.5317310312123172,-1.0429484949926775,-0.3584996840547219
55.35443525347867,6,65.73734797365276,10.885536568981037,9.239549694092247,-0.874951825035905,0.20672481493372005,0.2061486916856817
61.11623789261276,0,110.22300823169387,11.362138621613187,6.13856401700844,-1.432250454562232,-0.752122219162707,-1.9900693649934804
68.24145382443241,6,130.36766867247235,11.12463389354651,9.751523558202665,-0.30575784117162036,-0.18829606139837193,-0.4589696743718944
53.93863594564457,8,123.56248414848815,9.335737103184838,15.075892504791133,1.297935261938799,-1.0023331007894056,1.6118971419666648
39.64918770371192,5,81.47101422398961,11.782664219297448,7.0230012103146375,0.5984411265853878,-0.5982180331624817,0.5312345580297554
61.643236976727664,6,124.39409560545961,13.068792572287066,8.746730528512526,0.49025440074888044,-1.5658186466682598,-0.14870241170004903
56.84239856109423,13,105.23172689133726,8.90641320037739,11.45556145227843,-0.14833645831307696,0.928714192088126,0.7020852691552507
66.78855560713401,0,150.75946157633064,10.074869522809639,6.539043346968978,1.8634379804839372,0.9503110143215145,-2.3342906575358597
67.43543745687131,0,147.95675121248627,11.718484404412106,1.548340032552435,0.297121623977218,-0.6365630437396217,-2.023950469560814
57.68371505349468,2,111.42203219281791,8.983680468143511,7.465706060473679,0.6636457469717935,0.7409213592565052,-1.1301468375546535
37.20391960764108,0,94.5879052855652,11.157166615283428,9.529467289564389,0.15074728838212617,0.036766803238867586,-0.7845716019840243
47.84025297102037,4,73.3523636587943,7.198303429685415,11.54654427946833,-0.788651625747791,0.8555794805827904,-0.33221758265919593
39.74571191439168,0,97.47524641128314,9.371937981281189,7.5195261532611575,0.012184508527105781,-0.03342195470096086,-1.5784810038748982
56.8879937139942,13,100.22313595673539,9.69554725899964,14.59453929755717,-0.9516259671279437,0.4424027926439628,0.7727264178213087
51.2511018803717,4,92.45907366443592,7.581014606425011,4.3700779130860585,1.0604705467539475,-0.027525356397970584,-1.4669193013496762
43.14636061175817,0,116.16833248141066,10.098005295126072,10.727473867144967,-0.1026483450546341,-0.4434157401925518,0.049299964166394525
52.602304620436335,8,89.40720808299729,9.126445333549052,3.110809634803527,0.1601628018695239,0.617800280188516,-1.0413367977831103
58.132734572368506,4,115.8955799222005,6.133075835181838,12.368353696030962,0.9100349522845069,1.0806357337832462,0.28815969037283173
31.351256987000017,3,101.28691152073384,7.209410672334232,10.74119829788633,-0.28585891528321067,-0.2759006137998406,-0.41838737048050745
67.16906833727212,3,119.18724864722341,10.282526371173756,5.4602793277196175,-0.45108479857465433,1.343933806448752,-0.7282845110696605
30.73641149022436,5,124.97297543852648,8.163931155352127,10.588680213934204,-1.770873049305888,1.0241537560294585,0.8159376146378519
41.04095494891115,3,83.59358414566519,8.578100077426017,10.326209584636652,-0.7713204704174721,-0.09991022368306718,0.2921419225930495
57.538401426960064,9,112.51007267717797,11.57593177208181,9.177377372869971,0.025365632744766,0.5266277678020915,0.17250272787095544
57.34393877923017,11,81.00484520542336,8.698083878900096,8.675660172513576,0.92942403942018,-1.034241868400216,0.09475164742209284
61.79780581758114,7,92.83845031276378,8.831559593860725,11.021593795412436,-0.6724239208957494,-0.6642587326013911,0.6590694384813843
56.42457950475273,3,93.28834051767376,11.36636967207832,8.745889406807837,-1.1313167744116064,-0.8407246444900535,0.00807028418779887
48.37903629429295,6,66.1994511773838,9.176327009865362,12.37653505769177,0.9073423083717161,-0.6182329598514271,0.5745614079917531
40.24990802333994,5,145.98729261805332,11.129923011481077,10.346151804742801,0.36053462448444606,-1.097161349688453,0.0759165412521193
48.43150425764895,2,105.45730200785044,8.894720154594738,3.507938277036093,1.1468353069973554e-4,-0.5943340107111471,-1.5498016694824843
66.2059099820958,15,140.40000550860614,10.271885767021837,13.562930242232394,0.6728929738043672,0.49803857646448546,1.384163100899986
45.44563890656417,0,83.8148584592314,11.239990199128815,0.9246022836030452,0.3126256317506363,0.9911999082034302,-2.107065987632612
37.28082027404928,8,82.20675986403246,7.705530136601212,13.914127260854915,0.24769172207357962,-1.6135474452911405,0.4959007886303028
49.44165423620332,21,74.26831998262331,11.902838426251801,17.28430464566441,-1.8535453116525218,-1.5164549120229862,1.5317182573256547
40.01910198516366,4,80.09266663079389,9.898918306588502,12.9459004601928,-0.7563884603831741,1.2578642607826531,-0.029158912642533286
60.96514800707064,10,123.09935283566683,9.397749668260383,10.953406894450488,0.7782679022696148,-0.2872924980232943,0.14741398572241327
52.62390649664782,0,142.83990788455094,6.741597587102875,8.029593697325922,-0.029996032249583582,-0.07394708527839221,-1.4717109208487613
29.62772771526716,8,66.4481736565038,8.324470517806136,10.267455437324912,0.033007869702077516,-0.21269061120747024,0.7400917220183812
44.88273510039426,11,91.53996340070539,10.186266562158494,12.522149488753653,-1.9318648593902006,-1.305256084907337,0.6934912433467929
39.658693310628585,0,89.8101704536023,10.9393632604284,5.578104793488362,1.3277261129084938,-1.390469952419826,-1.4905724941849443
37.01560643350388,19,112.62312371971855,8.94016956749684,18.257264395909786,-2.0959139574646217,1.266489935633005,1.8474467337056437
37.90071894106455,4,82.25346377985483,10.80854628978626,6.002364061427883,-0.45015613336332716,-2.5350322772656804,-0.41742561054589555
60.49876830295706,4,118.13163861628178,9.131810037329357,5.932916436523029,0.5281131698878637,1.3949164341696387,-1.015698891493977
70.96014360557459,0,117.41982549761791,11.350010004682243,9.06801971823851,0.0630252419973874,-1.5773860270560653,0.24241002543328766
63.120215856427116,10,110.47277184794176,10.967081511934634,8.96393638899914,-1.0620480219839163,0.5325959094337244,-0.5737095564394818
44.021318580029266,16,93.67081828237255,7.928763226979692,12.802370653786006,0.8380219891554374,-0.46468178845800123,1.3251563284014158
44.5148234363536,7,85.63531392946417,13.068592794697055,13.005332092749697,0.41295818642054916,2.6171472150868884,0.012981335047694886
45.04001779433844,8,86.29360273619093,9.990872376244829,10.766290360309348,0.39694069066795423,0.46857267785531376,0.1113140192279227
44.97309447418276,9,107.53110305732827,9.621947866166133,11.300275496008974,-0.2933078113884471,0.3997548602083308,-0.04756090396612872
59.86053470020732,12,122.05435098552786,11.760175815002464,16.465189799792235,-2.016907034306073,0.04970086700486199,0.6024069097047413
33.36734131999034,10,113.65347234826886,12.008620970133979,12.296698302636674,-0.04678466035995039,0.5624705455900388,1.835392369562606
37.035707381862174,7,105.33774326241694,11.17899259511694,14.25740255368925,0.6096576810835822,0.1816961651715283,1.4306994977980036
44.41146699852662,15,86.31796057841407,9.706394583331114,11.341193689907975,-0.1589914779765727,-1.0705147744151375,1.185971170496613
32.88755111256336,5,89.79400714470324,11.392487261655948,10.900430857585489,0.8405012136508915,1.0022590342852795,-0.6318476870921904
42.13784798507671,12,91.55078051998942,5.842982483937306,8.568921505950728,-1.1502040933603497,-0.8617552941598873,0.22483985261105113
42.105128110473636,7,108.46302521029564,7.946554365369324,4.906024689340905,1.0299745487238154,1.5536371871811232,-0.058735150731158536
47.38165172834342,12,88.8888494085126,10.3646603741713,13.832278726206479,-0.007406660676611682,-0.08315733067658687,0.9172012401234362
39.09326398744486,0,87.46856141952543,10.046808763622316,6.68329951634705,0.8902841484084701,-1.3445661282014936,-1.5162978190882708
56.50483647045229,5,97.42107997779283,11.10809960511915,8.094148064228332,-0.22224403908940704,-0.045626024376265076,0.1164896825421129
49.520980233921485,14,60.945727077242715,11.090930375099736,13.102793529057653,-0.6730006284447577,-1.0532057174437466,1.3772200190796284
47.97673879525684,17,79.45292137144654,8.143188415828458,12.742863595223238,0.7323938159073298,1.031468555830981,0.5757223862585452
83.35225922192654,0,104.1713033673555,11.69718165998643,-0.49792310683040597,0.9889474530931615,-1.2826839363528282,-3.7456781122055336
54.78941535662989,4,59.24987262833931,9.308892503531624,10.703670576241443,-2.6416473417908697,0.13446319056400258,0.45397953039793715
35.568661728474325,0,116.057092842879,7.923313520324318,5.253384823441575,0.8831721308110979,-0.2603084783713612,-2.254114532289962
44.333852785279994,5,90.91936197883878,7.240655285915016,9.592720807007165,-0.3737513217442176,2.4118353119399636,0.13342216365530912
57.03451091422976,8,137.5920899966288,8.569453756862805,9.1997382729022,-0.5368218744972816,1.7887349036262377,0.13937666039778335
56.846423323367866,10,73.18052679437446,9.889464950943106,10.768876094840083,0.2772475652425344,1.4812349891919043,-0.00838502970073196
49.39775872055354,3,81.26135978510297,7.913830876581835,9.663038805284234,1.3792677013383114,-1.1788364320511926,0.07746439672055415
40.23731766072629,17,139.50272261828576,10.105409515861991,15.353664210916346,0.17881765768590685,0.5089064535597729,1.6666166964753812
55.118270129453514,19,124.86712341488627,9.515837535102376,11.146369355664383,0.6942434023731168,-0.12827871213026545,0.9645675576823681
30.964872901672564,0,107.0447013868604,11.101759787464497,9.58006701071731,0.8311563255018881,-0.7523228339315022,-0.7738352123905641
31.863303917699753,3,84.10556888638519,6.648126185601178,9.274247927769391,-0.7065106932800478,1.1141162661223107,-0.8880731928570101
32.91343646633074,6,63.98363220368695,11.30809070720067,4.238567929964223,-1.0954910447724382,0.8233532980594667,-0.7868171302298278
33.31980390443174,4,53.53661259422614,16.039481901645186,7.449594603745225,0.07870691109593883,1.7141548095684553,-0.4967850205767863
58.54438410179556,7,106.15466035237765,7.7329997348262225,11.443405440180955,-0.2963567628464822,0.07465148019572285,0.31524140867962286
58.10494460162217,0,87.89971084005312,11.73591892204915,3.695557113888105,-1.6308217032761763,1.0048291624607635,-1.776948061216171
54.840137780831576,4,130.72320693858154,12.040555990512104,9.910518874836752,2.718287293386676,0.26361442698479903,-0.2098150305124848
40.56324565574806,0,84.36328576172598,12.433362379442048,2.5526170888782014,1.4653348899383587,-0.4456870891034763,-2.4282421204495837
57.27826130014627,8,97.64885218416066,10.619265897334992,11.307400109142051,1.6571187448651257,0.2816862552917191,0.3511696540861843
51.73506182289386,15,93.49711084044304,10.594005441049715,7.954020108528927,-0.44964653844100805,-2.145945599790238,0.7796051329040602
36.36889564636321,0,68.95712542223099,8.445888659981964,8.397961773879668,0.730109428178516,-0.2389502752036384,-1.0112868728282676
51.64316987743883,0,142.82192443032065,7.927233029333876,7.080284029644578,0.7555509154119893,-1.2676765360394409,-1.9963460538519249
48.38716397749515,12,73.85637956070524,11.153992816922528,11.420121075778306,-0.3005138039225313,0.05529630079978336,0.44904503093476267
51.476222265586415,3,82.76045581860194,9.248191969854762,12.965602761530873,-0.7512308901334098,-0.814514711741082,0.9810519165639717
47.572881694424304,6,116.77099645089885,11.289981476371876,7.496088805789005,-0.7442023756876517,-0.7136918733676035,-0.3017963358141062
43.42999686975345,7,114.60929600647647,12.284439422317895,5.514239495193679,0.458984173806251,0.29350759131966503,-0.5428077962462522
54.62900704582819,6,128.8681178517688,14.453773740969556,9.992741383237876,1.7344668351959025,-0.9413298218021109,0.0978538650710317
72.16540822318522,2,124.90830995589155,11.744981546201913,13.239649714432066,-0.1468187836294184,0.4759090749657724,0.10728045464914769
46.064435654876085,9,109.44502858922021,9.6678211759949,9.286470371713467,-0.9504328645142033,0.21563643616774422,-0.4320381742364569
74.55040237084896,9,105.00797858097273,12.425911145388337,19.501836784791877,0.9875914666432809,0.920658296504645,1.698996433790271
61.36236749227139,11,127.80278477319541,8.336727883850894,12.669528265981933,-0.6238117826987669,0.7165272588253627,0.6436215585281516
44.43146236841543,0,57.03999722945124,9.422905554387079,4.8630283843025435,-0.5261661865592163,0.4062584418634938,-1.014934152429309
47.97720295103044,6,103.68661647036043,6.634716761923592,11.347470375242933,0.7829265603707067,-1.8902460254867492,0.42716047561668613
65.33441301247571,11,116.48100659522495,11.124790680932932,10.265268229067422,1.24175969774751,-1.1753672568084215,0.9026456772576087
43.08240465329861,11,110.69801681975473,13.324182380104457,11.754234435062253,0.4984027025990621,-0.42306312678665453,1.2490587041773487
47.74964178274262,6,61.8588241315664,10.615354117337215,14.901021919729555,-0.7569021819909219,1.5449057216758584,1.2212670271191113
51.303801948134314,3,114.1376700263726,9.28960549427012,12.960022631070046,2.032048248485222,-0.741947586600484,0.8668038630641648
41.9196223904773,0,108.34980094454215,12.026046267181657,7.03156190240877,0.5125850818902408,-0.8943930745710268,-0.6262644564201838
41.40466200392231,8,108.33657325715234,11.244852084228274,12.26288071065756,-2.2267092940863282,0.3440446798440089,0.1511325842010579
50.60058576016629,10,126.41689966196867,14.168501973622089,10.816690009925125,1.4155532541019296,-0.4799912583805515,1.603056800296431
66.52457487138585,9,112.59657483777212,7.931093945204881,8.428419237276994,1.0835893186740446,-0.477670569999019,-0.185678371316119
61.92911434239316,18,98.68561900810074,11.08618194062395,12.071551158060677,-0.3874862267244869,1.0908337870403644,0.6611728363338092
63.85601104361533,3,116.93579872740247,7.654212878824186,7.775337635430985,-0.033904289329171805,1.605074472678554,-0.5086515225787427
52.866242278241955,16,72.73841985722206,3.872958479124758,16.59002014702735,0.16115377150168247,-1.3813937139668395,1.2380299525362162
51.26313260790678,0,123.55941412651256,11.075516081970814,7.321066537868777,2.14570782843898,0.14535771032906397,-0.9079686831296084
74.51114948606713,13,136.3622988824735,8.917348214583352,14.417933026944462,0.7704759339067564,-1.6250643715474489,1.3388945522058089
55.780993031710395,11,83.869166454542,10.566377934407212,8.265061944744474,0.47961562577442557,-1.1209431586044758,0.8635021020301065
62.84366960034076,0,124.51866630284997,12.93415293269357,6.632912430145495,-0.1561932648913974,-0.05774190591940171,-1.3542515183481365
76.75907480783346,2,144.34596946681518,10.722616190167152,2.3074031904780403,1.0971207505760519,-0.0861247880958624,-1.9991688891764618
49.72807250759949,2,109.40643164188081,12.766155077506419,6.115010710142794,0.41957594312414287,1.1834690464693072,-1.3030691587198833
60.326448143621136,2,90.73941771200664,8.11962496031554,4.7499240572726835,0.5739509219273046,0.7682190417220799,-0.9817480974063149
57.12971391016299,12,100.0883402051682,13.89107647481783,10.95336444511122,0.5682443857419582,0.12291030849659208,1.443992800802723
42.12404919437688,18,86.6309271047568,10.205504054861379,12.98152134587134,-0.027912023628380758,1.4166601816782391,1.900047581093004
58.642945485617886,5,109.76284822873838,7.71955207991272,9.821677847723429,0.06694574004364665,-2.5369513071206025,-0.1621854042126285
54.11970885386083,0,91.33107162818455,8.550860423049663,4.755191973318018,-0.6372919483504287,-0.256666066939389,-0.17124655695347168
33.391594283712394,2,140.15185405625618,13.133679778299403,10.273037365223082,1.2732078071225874,-0.07789480105799047,-0.38386259795634126
51.253956151628906,12,124.31134376241182,11.169499611445339,8.52068642434799,-1.2450804342544706,-1.4069680815859602,-0.047836291564626016
67.94633665745508,4,142.35475580708754,8.82585641017374,7.135635316060933,0.8131571253620355,0.20340735711594668,-0.2821922945203083
54.77134681920081,7,105.53337494785815,9.083343619791988,13.266485489149971,-0.1795991352564191,-0.7691007503286874,0.9705229006986587
48.789849997514324,8,75.07970518586208,8.994677599907055,10.26161439562743,-0.21552987833758494,-2.9416288091234915,0.49832820645818954
60.32390842022097,8,127.75880827932242,9.65995567161175,7.346805783004735,0.30194683615956003,-1.1296109427540395,0.26334026595054527
59.1767748502417,2,134.21516050374652,11.546460209746895,3.07485885313488,-0.3632151067831044,1.0957510978042324,-1.1175891494918841
66.95754209752889,11,117.65385816703429,10.583210100833266,10.713104193765835,0.05953649439183005,0.3852497216800391,0.3927565035822177
38.87723405743339,0,61.40701395354898,9.191000959420558,3.7412285321769216,-0.47504739043054395,-1.9740027567264087,-0.738541765459624
61.879739994988036,4,78.51717589560502,10.396494682588894,5.643590656537943,-0.9711080005158071,-1.5974908162319614,-1.0853388253039178
51.381740588252896,0,80.69325351457996,8.885956437835928,4.41947341426858,-0.7496455268982503,0.39729057915991467,-1.8187635788422976
53.80457028814419,0,93.85729374586657,11.347088038254936,10.113251935300026,-0.3632204177987874,0.32815690583648915,-1.1699090820123912
63.818255605882136,3,110.32401355046056,6.278672475301608,10.640666674447168,-1.2824135199918474,0.6733881862345577,-1.0421813681955459
45.619541376513624,6,89.15427693020754,14.046841946116512,7.69938286861845,1.640083695237147,0.6456307331816028,0.945217791407839
55.30704761652535,1,127.15539598248587,12.221240189293642,8.82671037840253,-1.3144592128282822,-0.8015318969282452,-0.9312491628297642
49.722573124037694,16,119.62613536761398,9.324587729644527,11.677968317426227,-0.3296760144563854,1.4968921373475488,0.7460087573189045
54.57944160974035,7,153.01441519948028,8.754089417365892,9.562007056898443,0.481369492036193,-0.23948031054144073,0.0866273232434484
63.14787034781521,14,121.58061381253587,12.261737247492011,10.193387127283534,1.699259447486003,-0.1405638448910427,0.46110531720942155
59.10605098282893,19,103.80918618634152,12.006698735259192,14.324811663296735,1.9555074839801392,-0.49001471086367815,1.8118923536035536
43.94503175747699,16,95.585751530867,12.055400059940029,11.309568810281242,-1.4180883957209913,0.43783689537029435,0.3762334449579038
65.97047251288623,0,91.83493332875332,7.594261527816268,6.664943748939222,1.1718606486774643,-0.6642232149211301,-1.105497221471766
64.46388853452426,15,118.05935282264389,10.651975083969647,14.49481324624508,-1.1164259608550613,-1.9672908079710512,1.5977735592957023
42.73266391640448,0,103.95271186183227,10.881979657533464,11.679712752231206,1.0294022916402554,0.46421761086860247,-0.26679538105849515
65.15553461632433,4,103.62800305044779,8.041161517844452,9.363409463303402,1.0822547997940881,-1.5502962612988027,0.2880039749131897
40.1419753447936,10,52.36747784395657,14.56936978453895,14.563577492310465,-1.5592452759994637,-0.09463555865736896,0.8444383448738313
57.04711296103443,17,104.54859443023805,9.446534727265123,9.799058964147212,-0.24853473859065825,-0.47795112495775627,1.779373419532238
58.99199870154954,15,95.33574713359641,8.669821231099151,14.374313645362424,-1.1032430555777204,0.7424657745068324,2.2971845003419245
51.25487585052654,3,152.0119040253804,10.799197993882544,10.664221343059697,0.9715923410963047,-0.9710299489344482,-0.13309660430193998
46.94878374944561,0,77.88032519790488,10.820208748777903,2.2532177351141858,-1.2964205991849957,-0.7185281491339476,-1.7114086913808397
52.10357150033951,1,73.39776251403826,9.514121002715724,10.511522869396556,0.19143217192096737,0.6563695389286449,-0.347101461880819
58.349876267246295,10,92.62345934654836,10.21060933448909,19.09859312472407,-0.5309767152639888,0.7130775764971354,1.0821464699993129
62.65624843427125,5,88.35923033949938,7.712964672317428,8.614801398216633,-1.9977891160266699,-0.9773940322696493,-0.7787304336418841
65.2356596422714,1,102.58304053762072,8.105540164752835,10.413093872665243,-0.7795534811485217,-2.4163556572497953,-0.4652609133159514
41.43172775079625,5,113.50723846613705,8.95958662234747,10.103136687634898,-0.025584662338448527,1.350236164536135,-0.4742110996965233
42.12379778752968,1,79.58278393310671,13.907439060759856,7.05289022029196,0.9624075871653719,0.8055010065699736,-1.5230783500717102
52.44145245379501,7,80.06965434482427,12.643379013506467,15.577792480182357,0.13367741627290305,-0.6502626853038035,0.8326202635958219
48.110472434236634,16,109.746201373233,11.382053926143076,18.998381251223623,-1.058333203485769,0.6773447649118136,1.8540690726292937
54.611369228953784,0,72.66587262651512,8.628669169130825,7.852114441682101,0.9401187111411758,-1.357870379896846,-0.1417958545129877
59.33594253551903,17,84.9295678284293,10.390787155586269,7.711534236365969,0.10512652072091215,-0.2410890004829698,1.1096059338589248
41.720709792072,17,93.58294639536683,6.035462687460569,12.594916232503065,-1.8157494023276743,0.7120755517998912,1.391956384873246
48.035598333205854,0,47.59089855194647,9.600056090728906,7.593280550833692,0.3093057086530411,-0.40172461740893894,-0.7684170927198752
43.65421381333239,6,79.60857825598045,7.524920917543367,13.091256589115076,1.9839596476766421,-1.553543947897391,0.1367897927822421
45.230562186776204,5,77.36350001846125,11.937129814026061,7.441668626911818,1.5955949737771806,-0.6039604530143461,-1.1320333987619249
56.20556301448496,0,65.59015324282124,7.728445447851746,1.7615999848960477,-0.5858802963917422,-1.4192896028475577,-2.191399910659207
45.135576945690616,10,51.175479346477424,12.312677963507692,16.300992843311267,-1.3693406585748242,0.9694288132745167,0.9647381444150878
26.928819023717672,0,40.682639869157015,7.58356340891587,6.053817769750556,0.07232593207351684,-1.5462622013205662,-0.5329856723192427
41.52171945263469,19,89.86619658986136,12.350495110899482,10.139669188462214,0.3279764077066044,-0.3832062080327389,1.2934414388361846
57.53331153871552,0,113.75207625358945,13.05600572907052,5.6647723087681525,-1.324613724211861,1.3090624989402913,-1.1345558966404008
43.97863791261973,16,116.86925561285713,10.243302591114642,9.260483550432525,-0.3564259357817046,-0.5687480048233673,0.5439385663748479
55.293593996245484,1,110.73220018733176,8.037068073128783,11.698864675232837,-0.10358807612760729,1.7755764563421332,-0.4546516311558204
56.483745568389075,5,105.32870255348311,10.887594489171432,6.9597493374945945,1.0247864985851343,0.5310631309216173,-1.090170573706758
39.54249330831109,9,83.94309502514011,7.379765791469522,14.746335286161855,0.8692447061877497,1.3594909045934067,0.9708177824863304
39.355955688561274,14,127.90141315794058,8.14883471508119,8.349562078989917,2.086391050177126,-1.6106450866037865,0.693272946129194
47.508921012757924,2,98.91644453137154,9.84084395625844,8.969878938151922,1.1360248073659196,-0.9388806131411281,-0.18228460046386627
44.182571995463576,9,111.94901326375691,9.670832013297474,9.647842784173239,-0.965480898510796,-0.4074150211891845,-0.1665038120733726
34.8552044171441,2,73.72845562216689,11.09931014646491,8.257541997917858,-0.9781227614724128,0.3207536481064822,-0.2605536563377285
62.183631267298196,4,90.3386252016177,9.244477073367788,12.583569982290372,0.6021059267715604,-0.3139436076547455,-0.15396530850783663
61.35366113204691,3,88.15320576571318,12.502762675501753,6.151227389405324,0.9485862138919825,-1.1373222807558387,-0.9378190522447813
34.86354272207701,1,56.80069031409939,9.12234362489443,8.056873377178158,-1.5588430126360762,0.17142293559125635,0.2886869432414123
53.35220273875309,10,65.31459557928002,7.355738060525429,8.9186478390347,0.6831574065349231,-0.2944912229398464,0.9473642645647863
62.10109670328176,8,122.56816493084997,9.010882536987836,10.857660726203688,0.3979190674758656,0.38119646665625845,-0.4322223758049686
45.22003596668227,0,80.0270620320614,12.472684390427109,5.67385647381661,-0.7833478263548973,-0.26454232193537297,-1.329719435740678
55.48016849223344,0,112.41454735661327,9.33021123693098,6.266952618894063,0.05986150877953173,0.5018836027049614,-1.431427467695832
39.24900210658241,0,106.45732830228359,10.993309797812696,8.648531529413193,0.5057647645253812,-1.4567406400750884,-1.4326286200074991
49.43585350749336,13,95.59650174412329,10.228968426869486,15.44795655306488,0.06594707101587223,-0.14953360899394003,1.2711469291321018
58.492376652795826,8,92.76709686304099,7.154237920339661,6.281528643669649,-0.4387282317275124,0.3855776637718197,-0.7343687119079617
56.042882620064,0,115.68013183803953,9.282269593506191,6.484471512501231,-0.8816582782427571,-0.2977967039822984,-1.0394857843685914
44.15700201303048,0,90.62659982293712,11.141719550806352,7.388771610930113,-1.4986350322304736,-0.919284441666159,-1.0244173696793049
55.60907996412038,10,110.02913240663636,11.055512073958623,11.754106210165041,0.6575690032291541,0.8185452359336612,0.39178974356434393
52.80221102303298,5,40.12752398238441,8.897557682342006,8.790024814674165,-0.8216629729481051,0.1315434389967554,-0.29755103885096723
60.274885588946816,3,97.05473016459383,9.87423701466116,11.207626312945054,0.8038016933694462,0.081553144670574,-0.686612232544233
49.853884811944276,3,87.43040472078249,7.97981114493745,6.2844687630242815,-0.04050112435872883,0.5142237881448474,-0.4386187221272494
66.75144231503938,0,126.85259448411671,10.22604358815662,-0.04881959055828844,0.5382229996367768,-0.1265590432657844,-2.0063217100839585
57.33932368638068,6,104.02957280573855,8.84940325026417,14.15438928799202,1.4094035124119808,1.6866366574229483,-0.3440445594327908
35.72529737111343,0,119.97066924694927,8.87552621141942,10.203967315497465,0.1541929866430428,1.2105688744092056,-0.19181891556308894
77.94153721940573,14,106.51439053718639,11.444412438501784,16.139474397986305,0.3427652033450652,0.18015517963450867,1.5029873632918138
50.65130127954692,2,115.63237133704452,11.743762754428001,8.874881599721881,0.5664666073851311,0.9738170255790787,-0.5867171043608461
47.67899613423375,13,110.46714891133784,9.427382812281815,14.710299628027286,-0.3118371784866652,1.125873062173083,1.0128974116572256
38.247245843811186,14,88.310139535951,12.689617766411907,9.405999299400607,0.8244326326174071,-1.0595940994210453,0.768196384707083
39.388062496027,15,90.17839632191905,10.844478818239208,17.27958813751832,-0.9167656580910152,-0.6943004811223675,1.5054564060664202
65.3486619284095,15,84.38463101226897,10.679884714536263,14.787625375430611,1.4434179822950193,0.6386894287288797,0.890783031359798
45.82150177462631,6,100.95389630794416,8.853440066677,13.518960076989368,0.37469697032078564,1.3178760429631131,0.32464089324685
37.82182964065644,0,86.28316053160019,11.284444479929517,8.184496468935416,1.5407499574242964,-1.6680185855291416,-0.47282146973324096
61.36681846425691,17,97.38872696549096,8.874441275793,18.069490656323914,-3.5561537631295366,-0.06891445180930711,1.4438727950733041
44.57976395764829,27,73.66119182700882,9.199293243704652,22.343268271197545,1.232230146201732,1.0944642207865527,2.997814720830291
57.84694643537064,15,88.9012476868922,8.452058939777773,11.761716982521932,0.11877309729590822,-0.11858783281710512,0.03565690494089169
65.2263790086076,13,100.28035359815625,9.760628147667523,11.780692526237207,-0.8053825193337373,1.2419558937527202,-0.6234630666439815
68.93711219239258,0,117.06288746041137,11.693932384893454,11.082044088001712,0.06297358307024158,-1.3010602099775728,-0.804754158090304
68.58663000836093,0,126.0569357874179,10.360662925497701,1.9335364560043917,0.0927266894820467,0.15836232853685156,-2.0236105294043796
45.407525850259695,14,105.4690412555409,10.92298168471599,11.714291228708468,0.1804571374976913,0.22083905587689479,1.28579449382072
41.11402499608134,8,51.12337088895188,5.279043621940407,15.131886310619574,0.9475714941851433,1.8522279077377888,1.2095642296801565
33.64859802741401,0,53.95980104434926,8.45992677343866,3.175187982678837,-0.9960690077588977,0.42083514577582515,-1.7448696498432827
68.11318822535151,4,103.32719491244563,11.132470912350653,10.43596003697453,-0.09788519911158121,-0.841642310607979,-0.8691930036057511
46.94879869865781,12,97.75518372322813,5.271690031443139,12.463805905930432,0.05216024181170527,0.02058078331844214,0.7221686945829378
37.025991876996805,1,52.95267985573793,7.864119530885301,2.7907681356021543,-0.9935567032953936,-0.6339357635772153,-1.220685848042208
48.69138780372485,2,114.97661777246336,13.247910053778007,5.248343832420524,0.6851827476193623,0.7413462855525808,-0.5515882393828586
69.47325456012156,11,116.45816086990139,8.702498278811259,12.53711807692376,0.1630239713988852,0.0686657319677148,1.3615416173582509
54.48407809320286,3,95.5242988755541,8.791574431247918,12.337154735626322,0.20835314415262052,1.2313002501006858,0.28513021746383416
53.93739413914797,11,116.11901446875362,10.119086080821068,11.65629490465784,1.2736131048353259,0.4156099790030126,-0.12728848079559776
59.04089711561737,6,95.6301027884953,8.409585300336609,4.840039314753229,-0.012711689369116212,-0.6471905159088005,-0.08714765201675512
40.94960917709865,3,94.05417711263219,11.695526657433124,8.771033176960335,-0.45387641764880976,0.5359019670601272,-0.6268494192920878
45.303439694626576,0,102.4419801223896,8.374151330425422,7.181020750540211,-0.009800845655209073,0.9641837004225663,-0.1583381595782033
43.40535539671529,6,80.97680603176946,10.361609228444294,11.305527206612904,-0.7227461320762645,1.9868810847562308,0.5171857951378183
65.73948049181833,5,92.19423946144681,5.605215164749894,5.930861394499219,0.9060322450520655,-0.5679923728965081,-0.15979779390920662
61.832464944216206,23,104.06403816618163,8.084411178332909,13.495983719404679,0.6794501631983176,-2.0834040831118545,1.630338072949776
65.86945442672572,10,84.97120141814582,10.361193883295085,14.538036988127505,-1.541206088770659,-0.07059953947833478,0.518447324595841
41.51378364971646,10,109.54795654611212,11.817662541252474,13.586731839544939,0.884671432879925,1.067069361935803,0.7774349913391597
44.39151019656207,0,59.29699755276059,11.939523576927574,2.2432871619267196,-1.2402121774843258,0.5367329971873207,-2.1328022491708363
45.41227921717924,0,87.63064621210879,12.87243946704375,8.73559871698783,-0.05398958568196518,0.30042342837446234,-0.6541517134708653
58.462321279654624,8,96.4281569292897,11.898189163693505,13.285584566846934,0.6821335792701577,-0.5402511187250514,0.4566008426481399
65.60664109351521,12,146.20684764625108,6.664749649286293,13.703225307656993,0.5662820536354113,-1.0193410744499067,0.6146804508854957
